{
  "accuracy": 0.9824561403508771,
  "precision": 0.9861111111111112,
  "recall": 0.9861111111111112,
  "f1": 0.9861111111111112
}